Workbook

Sheet a remplir
B1: nom | C1: Consultant Christian | K1: Abonnement Transport en commun / mois
K2: Montant Internet par mois
B3: mois | K3: Montant Téléphone Par mois
K4: Autres / mois
B5: Nombre de jours travaillés facturés | H5: =+H9*12 -> 120 | J5: forfait repas (à la journée) | K5: ind km (à la journée) | L5: autres frais annuels | M5: frais refacturés aux clients annuel
B6: Nombre de jours ouvrés dans le mois | H6: 228 | I6: montant | K6: =+IF(IK!G72<>0,IK!G72,0) -> 34.19136 | L6: =+((L1/2)*12)+((L2/2)*12)+((L3/2)*12)+L4*12 -> 0
B7: Nombre de jours par semaine | H7: 5
B8: salaire de base | H8: 2374
B9: Simu mensuelle nombre de jours par mois | H9: 10
B10: Ticket Restaurant Annuel | E10: non | H10: =IF(E10="oui",H5,0) -> 0
B11: Ticket Restaurant Mensuel | H11: 19
B12: Valeur Faciale TR | H12: 14.36
B13: Prise en charge employeur | H13: 0.5
B15: Mutuelle | E15: oui | H15: =IF(E15="non",0,"1,5%") -> 1,5%
B16: PMSS | H16: 3925
B17: Tx mutuelle part salariale | H17: 0.5
B18: Tx mutuelle part patronale | H18: 0.5
B20: TJM | H20: 1000
C21: -Frais de gestion | H21: 0.05 | P21: Type de Véhicule | Q21: Voiture Thermique
C22: -Frais d intermediation | E22: montant par jour | H22: 0 | P22: Puissance FISCALE | Q22: 5
H23: ANNUEL | K23: MOIS | P23: Distance par jour Aller-retour en KM | Q23: =44.8*2 -> 89.6
P24: Nombre de déplacements par semaine | Q24: 3
B25: TJM | H25: =H20 -> 1000 | K25: =+H20 -> 1000
B26: Total mensuel | H26: =(H5*H20) -> 120000 | K26: =+H20*H9 -> 10000
C27: -Frais refacturés aux clients | H27: =M6 -> 0 | K27: =+H27/12 -> 0
F28: total | H28: =H27+H26 -> 120000 | K28: =K27+K26 -> 10000
C29: -Frais de gestion | F29: =H21 -> 0.05 | H29: =H28*F29 -> 6000 | K29: =+K26*H21 -> 500
C30: -Frais d intermediation | H30: =H22*H5 -> 0 | K30: =+H22*H9 -> 0
C31: - Frais de fonctionnement | H31: =H5*(J6+K6)+L6+M6 -> 4102.9632 | K31: =H31/12 -> 341.9136
B32: Montant disponible | H32: =H28-H29-H31-H30 -> 109897.04 | I32: =H32+H31 -> 114000 | K32: =K28-K29-K31-K30 -> 9158.0864 | L32: =K32+K31 -> 9500
C35: grille des taux charges patronales en fonction du montant disponible | G35: MAJ au 13/03/25 avec AF et maladie modifié (smic 31/12/2023)
M36: Montant disponible : | N36: =+K32 -> 9158.0864
A37: MT DISPONIBLE | C37: montant disponible | E37: brut MAJ | F37: Mtt ch pat Simul MAJ | G37: charges patronales | H37: taux charges patronales | I37: Salaire net Simul MAJ | J37: salaire net | K37: taux charges salariales | N37: Patronal | O37: Salarial
M38: Taux de charge calculé : | N38: =IF($N$36<=$C$39,H39,IF($N$36<=$C$40,H39,IF($N$36<=$C$41,H40,IF($N$36<=$C$42,H41,IF($N$36<=$C$43,H42,IF($N$36<=$C$44,H43,IF($N$36<=$C$45,H44,IF($N$36<=$C$46,H45,IF($N$36<=$C$47,H46,IF($N$36<=$C$48,H47,IF($N$36<=$C$49,H48,IF($N$36<=$C$50,H49,IF($N$36<=$C$51,H50,IF($N$36<$C$52,H51,IF($N$36<=$C$53,H52,IF($N$36<=$C$54,H53,IF($N$36<=$C$55,H54,IF($N$36<=$C$56,H55,IF($N$36<=$C$57,H56,IF($N$36<=$C$58,H57,IF($N$36<=$C$59,H58,IF($N$36<=$C$60,H59,IF($N$36<=$C$61,H60,IF($N$36<=$C$62,H61,IF($N$36<=$C$63,H62,IF($N$36<=$C$64,H63,IF($N$36<=$C$65,H64,IF($N$36<=$C$66,H65,IF($N$36<=$C$67,H66,IF($N$36<=$C$68,H67,IF($N$36<=$C$69,H68,IF($N$36<=$C$70,H69,IF($N$36<=$C$71,H70,IF($N$36<=$C$72,H71,IF($N$36<=$C$73,H72,IF($N$36<=$C$74,H73,IF($N$36<=$C$75,H74,IF($N$36<=$C$76,H75,H76)))))))))))))))))))))))))))))))))))))) -> 0.46686311 | O38: =IF($N$36<=$C$39,K39,IF($N$36<=$C$40,K39,IF($N$36<=$C$41,K40,IF($N$36<=$C$42,K41,IF($N$36<=$C$43,K42,IF($N$36<=$C$44,K43,IF($N$36<=$C$45,K44,IF($N$36<=$C$46,K45,IF($N$36<=$C$47,K46,IF($N$36<=$C$48,K47,IF($N$36<=$C$49,K48,IF($N$36<=$C$50,K49,IF($N$36<=$C$51,K50,IF($N$36<$C$52,K51,IF($N$36<=$C$53,K52,IF($N$36<=$C$54,K53,IF($N$36<=$C$55,K54,IF($N$36<=$C$56,K55,IF($N$36<=$C$57,K56,IF($N$36<=$C$58,K57,IF($N$36<=$K$59,K58,IF($N$36<=$C$60,K59,IF($N$36<=$C$61,K60,IF($N$36<=$C$62,K61,IF($N$36<=$C$63,K62,IF($N$36<=$C$64,K63,IF($N$36<=$C$65,K64,IF($N$36<=$C$66,K65,IF($N$36<=$C$67,K66,IF($N$36<=$C$68,K67,IF($N$36<=$C$69,K68,IF($N$36<=$C$70,K69,IF($N$36<=$C$71,K70,IF($N$36<=$C$72,K71,IF($N$36<=$C$73,K72,IF($N$36<=$C$74,K73,IF($N$36<=$C$75,K74,IF($N$36<=$C$76,K75,K76)))))))))))))))))))))))))))))))))))))) -> 0.2356252
C39: 5000 | E39: 3666.85 | F39: 1333.15 | G39: =IF($E$15="non",F39+($H$11*($H$12*$H$13)),F39+($H$11*($H$12*$H$13))+($H$16*($H$15*$H$18)+((($H$16*($H$15*$H$18)*8/100))))) -> 1501.3625 | H39: =G39/E39 -> 0.40944203 | I39: 2896.27 | J39: =IF($E$15="non",I39-(($H$12*$H$13)*$H$11),I39-(($H$12*$H$13)*$H$11)-($H$16*($H$15*$H$17))-((($H$16*($H$15*$H$17)*9.7/100)))) -> 2727.5571 | K39: =1-(J39/E39) -> 0.25615799 | S39: 589.35
C40: 5250 | E40: 3850.21 | F40: 1399.79 | G40: =IF($E$15="non",F40+($H$11*($H$12*$H$13)),F40+($H$11*($H$12*$H$13))+($H$16*($H$15*$H$18)+((($H$16*($H$15*$H$18)*8/100))))) -> 1568.0025 | H40: =G40/E40 -> 0.40725116 | I40: 3041.12 | J40: =IF($E$15="non",I40-(($H$12*$H$13)*$H$11),I40-(($H$12*$H$13)*$H$11)-($H$16*($H$15*$H$17))-((($H$16*($H$15*$H$17)*9.7/100)))) -> 2872.4071 | K40: =1-(J40/E40) -> 0.25396094 | S40: 752.01 | T40: =+S40-S39 -> 162.66
A41: < 2,25 smic | C41: 5368.71 | E41: 3931.28 | F41: 1437.43 | G41: =IF($E$15="non",F41+($H$11*($H$12*$H$13)),F41+($H$11*($H$12*$H$13))+($H$16*($H$15*$H$18)+((($H$16*($H$15*$H$18)*8/100))))) -> 1605.6425 | H41: =G41/E41 -> 0.40842741 | I41: 3099.65 | J41: =IF($E$15="non",I41-(($H$12*$H$13)*$H$11),I41-(($H$12*$H$13)*$H$11)-($H$16*($H$15*$H$17))-((($H$16*($H$15*$H$17)*9.7/100)))) -> 2930.9371 | K41: =1-(J41/E41) -> 0.25445731 | M41: Majoration du taux patronal maladie de 6% à partir de 3931,29 brut | S41: 919.97 | T41: =+S41-S40 -> 167.96
A42: >2,25smic (6% mal) | C42: 5604.6 | E42: 3931.29 | F42: 1600.75 | G42: =IF($E$15="non",F42+($H$11*($H$12*$H$13)),F42+($H$11*($H$12*$H$13))+($H$16*($H$15*$H$18)+((($H$16*($H$15*$H$18)*8/100))))) -> 1768.9625 | H42: =G42/E42 -> 0.44996998 | I42: 3099.66 | J42: =IF($E$15="non",I42-(($H$12*$H$13)*$H$11),I42-(($H$12*$H$13)*$H$11)-($H$16*($H$15*$H$17))-((($H$16*($H$15*$H$17)*9.7/100)))) -> 2930.9471 | K42: =1-(J42/E42) -> 0.25445666 | S42: 1087.9 | T42: =+S42-S41 -> 167.93
C43: 5750 | E43: 4033.98 | F43: 1716.02 | G43: =IF($E$15="non",F43+($H$11*($H$12*$H$13)),F43+($H$11*($H$12*$H$13))+($H$16*($H$15*$H$18)+((($H$16*($H$15*$H$18)*8/100))))) -> 1884.2325 | H43: =G43/E43 -> 0.46709019 | I43: 3181.19 | J43: =IF($E$15="non",I43-(($H$12*$H$13)*$H$11),I43-(($H$12*$H$13)*$H$11)-($H$16*($H$15*$H$17))-((($H$16*($H$15*$H$17)*9.7/100)))) -> 3012.4771 | K43: =1-(J43/E43) -> 0.25322459 | S43: 1240.9
C44: 6000 | E44: 4210.58 | F44: 1789.42 | G44: =IF($E$15="non",F44+($H$11*($H$12*$H$13)),F44+($H$11*($H$12*$H$13))+($H$16*($H$15*$H$18)+((($H$16*($H$15*$H$18)*8/100))))) -> 1957.6325 | H44: =G44/E44 -> 0.46493179 | I44: 3321.45 | J44: =IF($E$15="non",I44-(($H$12*$H$13)*$H$11),I44-(($H$12*$H$13)*$H$11)-($H$16*($H$15*$H$17))-((($H$16*($H$15*$H$17)*9.7/100)))) -> 3152.7371 | K44: =1-(J44/E44) -> 0.25123449 | S44: 1240.91
C45: 6250 | E45: 4387.17 | F45: 1862.83 | G45: =IF($E$15="non",F45+($H$11*($H$12*$H$13)),F45+($H$11*($H$12*$H$13))+($H$16*($H$15*$H$18)+((($H$16*($H$15*$H$18)*8/100))))) -> 2031.0425 | H45: =G45/E45 -> 0.46295049 | I45: 3461.66 | J45: =IF($E$15="non",I45-(($H$12*$H$13)*$H$11),I45-(($H$12*$H$13)*$H$11)-($H$16*($H$15*$H$17))-((($H$16*($H$15*$H$17)*9.7/100)))) -> 3292.9471 | K45: =1-(J45/E45) -> 0.2494143 | S45: 1408.21
C46: 6500 | E46: 4563.75 | F46: 1936.26 | G46: =IF($E$15="non",F46+($H$11*($H$12*$H$13)),F46+($H$11*($H$12*$H$13))+($H$16*($H$15*$H$18)+((($H$16*($H$15*$H$18)*8/100))))) -> 2104.4725 | H46: =G46/E46 -> 0.46112791 | I46: 3601.87 | J46: =IF($E$15="non",I46-(($H$12*$H$13)*$H$11),I46-(($H$12*$H$13)*$H$11)-($H$16*($H$15*$H$17))-((($H$16*($H$15*$H$17)*9.7/100)))) -> 3433.1571 | K46: =1-(J46/E46) -> 0.24773332 | S46: 1569.05 | T46: =+S46-S45 -> 160.84
C47: 6750 | E47: 4740.36 | F47: 2009.65 | G47: =IF($E$15="non",F47+($H$11*($H$12*$H$13)),F47+($H$11*($H$12*$H$13))+($H$16*($H$15*$H$18)+((($H$16*($H$15*$H$18)*8/100))))) -> 2177.8625 | H47: =G47/E47 -> 0.45942977 | I47: 3742.11 | J47: =IF($E$15="non",I47-(($H$12*$H$13)*$H$11),I47-(($H$12*$H$13)*$H$11)-($H$16*($H$15*$H$17))-((($H$16*($H$15*$H$17)*9.7/100)))) -> 3573.3971 | K47: =1-(J47/E47) -> 0.24617602 | S47: 1729.84 | T47: =+S47-S46 -> 160.79
C48: 7000 | E48: 4916.94 | F48: 2083.06 | G48: =IF($E$15="non",F48+($H$11*($H$12*$H$13)),F48+($H$11*($H$12*$H$13))+($H$16*($H$15*$H$18)+((($H$16*($H$15*$H$18)*8/100))))) -> 2251.2725 | H48: =G48/E48 -> 0.45786048 | I48: 3882.34 | J48: =IF($E$15="non",I48-(($H$12*$H$13)*$H$11),I48-(($H$12*$H$13)*$H$11)-($H$16*($H$15*$H$17))-((($H$16*($H$15*$H$17)*9.7/100)))) -> 3713.6271 | K48: =1-(J48/E48) -> 0.24472801 | S48: 1890.65 | T48: =+S48-S47 -> 160.81
C49: 7250 | E49: 5093.54 | F49: 2156.46 | G49: =IF($E$15="non",F49+($H$11*($H$12*$H$13)),F49+($H$11*($H$12*$H$13))+($H$16*($H$15*$H$18)+((($H$16*($H$15*$H$18)*8/100))))) -> 2324.6725 | H49: =G49/E49 -> 0.45639624 | I49: 4022.57 | J49: =IF($E$15="non",I49-(($H$12*$H$13)*$H$11),I49-(($H$12*$H$13)*$H$11)-($H$16*($H$15*$H$17))-((($H$16*($H$15*$H$17)*9.7/100)))) -> 3853.8571 | K49: =1-(J49/E49) -> 0.24338337 | S49: 2051.46 | T49: =+S49-S48 -> 160.81
C50: 7500 | E50: 5270.14 | F50: 2229.87 | G50: =IF($E$15="non",F50+($H$11*($H$12*$H$13)),F50+($H$11*($H$12*$H$13))+($H$16*($H$15*$H$18)+((($H$16*($H$15*$H$18)*8/100))))) -> 2398.0825 | H50: =G50/E50 -> 0.45503203 | I50: 4162.81 | J50: =IF($E$15="non",I50-(($H$12*$H$13)*$H$11),I50-(($H$12*$H$13)*$H$11)-($H$16*($H$15*$H$17))-((($H$16*($H$15*$H$17)*9.7/100)))) -> 3994.0971 | K50: =1-(J50/E50) -> 0.24212695 | S50: 2212.28 | T50: =+S50-S49 -> 160.82
C51: 7750 | E51: 5446.73 | F51: 2303.27 | G51: =IF($E$15="non",F51+($H$11*($H$12*$H$13)),F51+($H$11*($H$12*$H$13))+($H$16*($H$15*$H$18)+((($H$16*($H$15*$H$18)*8/100))))) -> 2471.4825 | H51: =G51/E51 -> 0.45375528 | I51: 4303.02 | J51: =IF($E$15="non",I51-(($H$12*$H$13)*$H$11),I51-(($H$12*$H$13)*$H$11)-($H$16*($H$15*$H$17))-((($H$16*($H$15*$H$17)*9.7/100)))) -> 4134.3071 | K51: =1-(J51/E51) -> 0.24095612 | S51: 2373.09 | T51: =+S51-S50 -> 160.81
C52: 8000 | E52: 5623.33 | F52: 2376.67 | G52: =IF($E$15="non",F52+($H$11*($H$12*$H$13)),F52+($H$11*($H$12*$H$13))+($H$16*($H$15*$H$18)+((($H$16*($H$15*$H$18)*8/100))))) -> 2544.8825 | H52: =G52/E52 -> 0.45255791 | I52: 4443.25 | J52: =IF($E$15="non",I52-(($H$12*$H$13)*$H$11),I52-(($H$12*$H$13)*$H$11)-($H$16*($H$15*$H$17))-((($H$16*($H$15*$H$17)*9.7/100)))) -> 4274.5371 | K52: =1-(J52/E52) -> 0.23985662 | S52: 2533.89 | T52: =+S52-S51 -> 160.8
A53: < 3,3 smic | C53: 8201.82 | E53: 5765.88 | F53: 2435.94 | G53: =IF($E$15="non",F53+($H$11*($H$12*$H$13)),F53+($H$11*($H$12*$H$13))+($H$16*($H$15*$H$18)+((($H$16*($H$15*$H$18)*8/100))))) -> 2604.1525 | H53: =G53/E53 -> 0.45164875 | I53: 4556.46 | J53: =IF($E$15="non",I53-(($H$12*$H$13)*$H$11),I53-(($H$12*$H$13)*$H$11)-($H$16*($H$15*$H$17))-((($H$16*($H$15*$H$17)*9.7/100)))) -> 4387.7471 | K53: =1-(J53/E53) -> 0.2390152 | M53: Majoration du taux patronal d'allocation familiale de 1,80% à partir de 5765,89 brut | S53: 2694.7 | T53: =+S53-S52 -> 160.81
A54: >3,3smic (1,8%AF) | C54: 8305.63 | E54: 5765.89 | F54: 2494.87 | G54: =IF($E$15="non",F54+($H$11*($H$12*$H$13)),F54+($H$11*($H$12*$H$13))+($H$16*($H$15*$H$18)+((($H$16*($H$15*$H$18)*8/100))))) -> 2663.0825 | H54: =G54/E54 -> 0.46186842 | I54: 4556.46 | J54: =IF($E$15="non",I54-(($H$12*$H$13)*$H$11),I54-(($H$12*$H$13)*$H$11)-($H$16*($H$15*$H$17))-((($H$16*($H$15*$H$17)*9.7/100)))) -> 4387.7471 | K54: =1-(J54/E54) -> 0.23901652 | S54: 2829.3 | T54: =+S54-S53 -> 134.6
C55: 8400 | E55: 5831.71 | F55: 2499.19 | G55: 2568.28 | H55: =G55/E55 -> 0.44039913 | I55: 4608.72 | J55: =IF($E$15="non",I55-(($H$12*$H$13)*$H$11),I55-(($H$12*$H$13)*$H$11)-($H$16*($H$15*$H$17))-((($H$16*($H$15*$H$17)*9.7/100)))) -> 4440.0071 | K55: =1-(J55/E55) -> 0.23864406 | S55: 2829.31 | T55: =+S55-S54 -> 0.01
C56: 8500 | E56: 5901.48 | F56: 2598.52 | G56: =IF($E$15="non",F56+($H$11*($H$12*$H$13)),F56+($H$11*($H$12*$H$13))+($H$16*($H$15*$H$18)+((($H$16*($H$15*$H$18)*8/100))))) -> 2766.7325 | H56: =G56/E56 -> 0.46882011 | I56: 4664.12 | J56: =IF($E$15="non",I56-(($H$12*$H$13)*$H$11),I56-(($H$12*$H$13)*$H$11)-($H$16*($H$15*$H$17))-((($H$16*($H$15*$H$17)*9.7/100)))) -> 4495.4071 | K56: =1-(J56/E56) -> 0.23825768 | S56: 2944.05 | T56: =+S56-S55 -> 114.74
C57: 8750 | E57: 6075.84 | F57: 2674.77 | G57: =IF($E$15="non",F57+($H$11*($H$12*$H$13)),F57+($H$11*($H$12*$H$13))+($H$16*($H$15*$H$18)+((($H$16*($H$15*$H$18)*8/100))))) -> 2842.9825 | H57: =G57/E57 -> 0.46791596 | I57: 4802.59 | J57: =IF($E$15="non",I57-(($H$12*$H$13)*$H$11),I57-(($H$12*$H$13)*$H$11)-($H$16*($H$15*$H$17))-((($H$16*($H$15*$H$17)*9.7/100)))) -> 4633.8771 | K57: =1-(J57/E57) -> 0.23732734 | S57: 3102.83 | T57: =+S57-S56 -> 158.78
C58: 9000 | E58: 6250.21 | F58: 2749.78 | G58: =IF($E$15="non",F58+($H$11*($H$12*$H$13)),F58+($H$11*($H$12*$H$13))+($H$16*($H$15*$H$18)+((($H$16*($H$15*$H$18)*8/100))))) -> 2917.9925 | H58: =G58/E58 -> 0.46686311 | I58: 4941.03 | J58: =IF($E$15="non",I58-(($H$12*$H$13)*$H$11),I58-(($H$12*$H$13)*$H$11)-($H$16*($H$15*$H$17))-((($H$16*($H$15*$H$17)*9.7/100)))) -> 4772.3171 | K58: =1-(J58/E58) -> 0.23645493 | S58: 3261.61 | T58: =+S58-S57 -> 158.78
C59: 9250 | E59: 6424.58 | F59: 2825.42 | G59: =IF($E$15="non",F59+($H$11*($H$12*$H$13)),F59+($H$11*($H$12*$H$13))+($H$16*($H$15*$H$18)+((($H$16*($H$15*$H$18)*8/100))))) -> 2993.6325 | H59: =G59/E59 -> 0.46596548 | I59: 5079.5 | J59: =IF($E$15="non",I59-(($H$12*$H$13)*$H$11),I59-(($H$12*$H$13)*$H$11)-($H$16*($H$15*$H$17))-((($H$16*($H$15*$H$17)*9.7/100)))) -> 4910.7871 | K59: =1-(J59/E59) -> 0.2356252 | S59: 3420.4 | T59: =+S59-S58 -> 158.79
C60: 9500 | E60: 6598.95 | F60: 2901.05 | G60: =IF($E$15="non",F60+($H$11*($H$12*$H$13)),F60+($H$11*($H$12*$H$13))+($H$16*($H$15*$H$18)+((($H$16*($H$15*$H$18)*8/100))))) -> 3069.2625 | H60: =G60/E60 -> 0.46511377 | I60: 5217.96 | J60: =IF($E$15="non",I60-(($H$12*$H$13)*$H$11),I60-(($H$12*$H$13)*$H$11)-($H$16*($H$15*$H$17))-((($H$16*($H$15*$H$17)*9.7/100)))) -> 5049.2471 | K60: =1-(J60/E60) -> 0.23484084 | S60: 3579.19 | T60: =+S60-S59 -> 158.79
C61: 9750 | E61: 6773.36 | F61: 2976.65 | G61: =IF($E$15="non",F61+($H$11*($H$12*$H$13)),F61+($H$11*($H$12*$H$13))+($H$16*($H$15*$H$18)+((($H$16*($H$15*$H$18)*8/100))))) -> 3144.8625 | H61: =G61/E61 -> 0.46429874 | I61: 5356.47 | J61: =IF($E$15="non",I61-(($H$12*$H$13)*$H$11),I61-(($H$12*$H$13)*$H$11)-($H$16*($H$15*$H$17))-((($H$16*($H$15*$H$17)*9.7/100)))) -> 5187.7571 | K61: =1-(J61/E61) -> 0.234094 | S61: 3737.99 | T61: =+S61-S60 -> 158.8
C62: 10000 | E62: 6947.73 | F62: 3052.27 | G62: =IF($E$15="non",F62+($H$11*($H$12*$H$13)),F62+($H$11*($H$12*$H$13))+($H$16*($H$15*$H$18)+((($H$16*($H$15*$H$18)*8/100))))) -> 3220.4825 | H62: =G62/E62 -> 0.46353017 | I62: 5494.43 | J62: =IF($E$15="non",I62-(($H$12*$H$13)*$H$11),I62-(($H$12*$H$13)*$H$11)-($H$16*($H$15*$H$17))-((($H$16*($H$15*$H$17)*9.7/100)))) -> 5325.7171 | K62: =1-(J62/E62) -> 0.23345941 | S62: 3896.76 | T62: =+S62-S61 -> 158.77
C63: 10250 | E63: 7122.09 | F63: 3128.27 | G63: =IF($E$15="non",F63+($H$11*($H$12*$H$13)),F63+($H$11*($H$12*$H$13))+($H$16*($H$15*$H$18)+((($H$16*($H$15*$H$18)*8/100))))) -> 3296.4825 | H63: =G63/E63 -> 0.46285325 | I63: 5633.36 | J63: =IF($E$15="non",I63-(($H$12*$H$13)*$H$11),I63-(($H$12*$H$13)*$H$11)-($H$16*($H$15*$H$17))-((($H$16*($H$15*$H$17)*9.7/100)))) -> 5464.6471 | K63: =1-(J63/E63) -> 0.23271862 | S63: 4055.54 | T63: =+S63-S62 -> 158.78
C64: 10500 | E64: 7296.46 | F64: 3203.54 | G64: =IF($E$15="non",F64+($H$11*($H$12*$H$13)),F64+($H$11*($H$12*$H$13))+($H$16*($H$15*$H$18)+((($H$16*($H$15*$H$18)*8/100))))) -> 3371.7525 | H64: =G64/E64 -> 0.46210799 | I64: 5771.84 | J64: =IF($E$15="non",I64-(($H$12*$H$13)*$H$11),I64-(($H$12*$H$13)*$H$11)-($H$16*($H$15*$H$17))-((($H$16*($H$15*$H$17)*9.7/100)))) -> 5603.1271 | K64: =1-(J64/E64) -> 0.23207596 | S64: 4214.34 | T64: =+S64-S63 -> 158.8
C65: 10750 | E65: 7470.84 | F65: 3279.18 | G65: =IF($E$15="non",F65+($H$11*($H$12*$H$13)),F65+($H$11*($H$12*$H$13))+($H$16*($H$15*$H$18)+((($H$16*($H$15*$H$18)*8/100))))) -> 3447.3925 | H65: =G65/E65 -> 0.46144644 | I65: 5910.3 | J65: =IF($E$15="non",I65-(($H$12*$H$13)*$H$11),I65-(($H$12*$H$13)*$H$11)-($H$16*($H$15*$H$17))-((($H$16*($H$15*$H$17)*9.7/100)))) -> 5741.5871 | K65: =1-(J65/E65) -> 0.231467 | S65: 4373.13 | T65: =+S65-S64 -> 158.79
C66: 11000 | E66: 7645.23 | F66: 3354.77 | G66: =IF($E$15="non",F66+($H$11*($H$12*$H$13)),F66+($H$11*($H$12*$H$13))+($H$16*($H$15*$H$18)+((($H$16*($H$15*$H$18)*8/100))))) -> 3522.9825 | H66: =G66/E66 -> 0.46080792 | I66: 6048.78 | J66: =IF($E$15="non",I66-(($H$12*$H$13)*$H$11),I66-(($H$12*$H$13)*$H$11)-($H$16*($H$15*$H$17))-((($H$16*($H$15*$H$17)*9.7/100)))) -> 5880.0671 | K66: =1-(J66/E66) -> 0.23088422 | S66: 4531.89 | T66: =+S66-S65 -> 158.76
C67: 11250 | E67: 7819.59 | F67: 3430.42 | G67: =IF($E$15="non",F67+($H$11*($H$12*$H$13)),F67+($H$11*($H$12*$H$13))+($H$16*($H$15*$H$18)+((($H$16*($H$15*$H$18)*8/100))))) -> 3598.6325 | H67: =G67/E67 -> 0.46020731 | I67: 6187.25 | J67: =IF($E$15="non",I67-(($H$12*$H$13)*$H$11),I67-(($H$12*$H$13)*$H$11)-($H$16*($H$15*$H$17))-((($H$16*($H$15*$H$17)*9.7/100)))) -> 6018.5371 | K67: =1-(J67/E67) -> 0.23032575 | S67: 4690.67 | T67: =+S67-S66 -> 158.78
... C75: 13250 | E75: 9214.61 | F75: 4035.4 | G75: =IF($E$15="non",F75+($H$11*($H$12*$H$13)),F75+($H$11*($H$12*$H$13))+($H$16*($H$15*$H$18)+((($H$16*($H$15*$H$18)*8/100))))) -> 4203.6125 | H75: =G75/E75 -> 0.45618995 | I75: 7294.97 | J75: =IF($E$15="non",I75-(($H$12*$H$13)*$H$11),I75-(($H$12*$H$13)*$H$11)-($H$16*($H$15*$H$17))-((($H$16*($H$15*$H$17)*9.7/100)))) -> 7126.2571 | K75: =1-(J75/E75) -> 0.22663498 | S75: 5960.96 | T75: =+S75-S74 -> 158.79
C76: 13500 | E76: 9388.98 | F76: 4111.02 | G76: =IF($E$15="non",F76+($H$11*($H$12*$H$13)),F76+($H$11*($H$12*$H$13))+($H$16*($H$15*$H$18)+((($H$16*($H$15*$H$18)*8/100))))) -> 4279.2325 | H76: =G76/E76 -> 0.45577182 | I76: 7433.45 | J76: =IF($E$15="non",I76-(($H$12*$H$13)*$H$11),I76-(($H$12*$H$13)*$H$11)-($H$16*($H$15*$H$17))-((($H$16*($H$15*$H$17)*9.7/100)))) -> 7264.7371 | K76: =1-(J76/E76) -> 0.22624853
C77: 13750 | E77: 9563.34 | F77: 4186.66 | G77: =IF($E$15="non",F77+($H$11*($H$12*$H$13)),F77+($H$11*($H$12*$H$13))+($H$16*($H$15*$H$18)+((($H$16*($H$15*$H$18)*8/100))))) -> 4354.8725 | H77: =G77/E77 -> 0.4553715 | I77: 7571.91 | J77: =IF($E$15="non",I77-(($H$12*$H$13)*$H$11),I77-(($H$12*$H$13)*$H$11)-($H$16*($H$15*$H$17))-((($H$16*($H$15*$H$17)*9.7/100)))) -> 7403.1971 | K77: =1-(J77/E77) -> 0.22587746
C78: 14000 | E78: 9737.73 | F78: 4262.27 | G78: =IF($E$15="non",F78+($H$11*($H$12*$H$13)),F78+($H$11*($H$12*$H$13))+($H$16*($H$15*$H$18)+((($H$16*($H$15*$H$18)*8/100))))) -> 4430.4825 | H78: =G78/E78 -> 0.45498104 | I78: 7710.37 | J78: =IF($E$15="non",I78-(($H$12*$H$13)*$H$11),I78-(($H$12*$H$13)*$H$11)-($H$16*($H$15*$H$17))-((($H$16*($H$15*$H$17)*9.7/100)))) -> 7541.6571 | K78: =1-(J78/E78) -> 0.22552206

Sheet calcul
B1: nom | C1: ='a remplir'!C1 -> Consultant Christian
B2: ='a remplir'!B3:C3 -> mois | C2: ='a remplir'!C3 -> 0
B4: Nombre de jours travaillés | F4: ='a remplir'!H5 -> 120 | I4: repas | J4: km | K4: autres frais | L4: total | M4: frais refacturés aux clients
B5: Nombre de jours potentiel dans le mois | F5: ='a remplir'!H6 -> 228 | H5: montant | I5: ='a remplir'!J6 -> 0 | J5: ='a remplir'!K6 -> 34.19136 | K5: ='a remplir'!L6 -> 0 | M5: ='a remplir'!M6 -> 0
B6: =+'a remplir'!B8 -> salaire de base
B8: TJM | F8: ='a remplir'!H20 -> 1000
B9: Total mensuel | F9: =F4*F8 -> 120000
C10: -Frais refacturés aux clients | F10: ='a remplir'!H27 -> 0
E11: total | F11: =F10+F9 -> 120000
C12: -Frais de gestion | E12: ='a remplir'!H21 -> 0.05 | F12: =(F9+F10)*E12 -> 6000
C13: -Frais d intermediation | F13: ='a remplir'!H30 -> 0
C14: - Frais de fonctionnement | F14: =L14+M14 -> 4102.9632 | I14: =I5*F5 -> 0 | J14: =J5*F4 -> 4102.9632 | K14: =K5 -> 0 | L14: =J14+I14+K14 -> 4102.9632 | M14: =M5 -> 0
B15: Montant disponible | F15: =F11-F12-F14-F13 -> 109897.04 | H15: =F14+F15 -> 114000
B17: Selon BS de simulation : | E17: base mois entier | F17: =C2 -> 0
C18: Salaire de base : | E18: ='a remplir'!H8 -> 2374 | F18: =E18*12 -> 28488
C19: Prime d'apport d'affaires | E19: =E18*0.05 -> 118.7 | F19: =F18*0.05 -> 1424.4
C20: Réserve financière (10%) | E20: =E18*0.1 -> 237.4 | F20: =F18*0.1 -> 2848.8
C21: CP (10 %) | E21: =(E18+E19+E20)*0.1 -> 273.01 | F21: =(F18+F19+F20)*0.1 -> 3276.12
C22: TOTAL BRUT | E22: =SUM(E18:E21) -> 3003.11 | F22: =SUM(F18:F21) -> 36037.32 | I22: taux
B23: + charges patronales | E23: =F23/12 -> 2914.7728 | F23: =L30*I23 -> 34977.274 | I23: ='a remplir'!N38 -> 0.46686311
B24: = cout global | E24: =F24/12 -> 5917.8828 | F24: =F23+F22 -> 71014.594
B26: Brut = | E26: =F15/(1+I23) -> 74919.763
B27: Complément de rémunération = | E27: =E26-F22 -> 38882.443
B28: Décomposé en :
C29: =E27/115.5*100 -> 33664.453 | D29: Complément de rémunération | I29: TOTAL RAJOUT | J29: rajout ind cp | L29: TOTAL BRUT
C30: =E27/115.5*5 -> 1683.2226 | D30: Complément de prime d'apport d'affaires | I30: =C29+C30 -> 35347.675 | J30: =C31 -> 3534.7675 | L30: =+I30+F22+C31 -> 74919.763
C31: =(C29+C30)*10/100 -> 3534.7675 | D31: Complément d'indemnité CP
A33: 2 | D33: Simulation bulletin avec réserve et indemnités cp payés | G33: ='a remplir'!C1 -> Consultant Christian
F34: estimation annuelle (jours facturés) : | G34: estimation mensuelle (jours facturés) :
F35: 228 | G35: ='a remplir'!H9 -> 10
H36: charges patronales :
C37: Salaire de base | F37: =F18 -> 28488 | G37: =(F37/12)*'a remplir'!H7/5 -> 2374
C38: Prime d'apport d'affaires | F38: =C30+F19 -> 3107.6226 | G38: =(F38/12)*'a remplir'!H7/5 -> 258.96855
C39: Réserve financière (10%) | F39: =F20 -> 2848.8 | G39: =(F39/12)*'a remplir'!H7/5 -> 237.4
C40: Complément de rémunération | F40: =C29 -> 33664.453 | G40: =(F40/12)*'a remplir'!H7/5 -> 2805.3711
C41: Indemnité congés payés | F41: =C31+F21 -> 6810.8875 | G41: =(F41/12)*'a remplir'!H7/5 -> 567.57396
D42: brut | F42: =SUM(F37:F41) -> 74919.763 | G42: =(F42/12)*'a remplir'!H7/5 -> 6243.3136
C44: charges salariales : | D44: taux : | E44: ='a remplir'!O38 -> 0.2356252 | F44: =F42*E44 -> 17652.984 | G44: =(F44/12)*'a remplir'!H7/5 -> 1471.082 | H44: =F42*I23 -> 34977.274
D46: frais : | F46: =F14 -> 4102.9632 | G46: =(F46/12)*'a remplir'!$H7/5 -> 341.9136
H47: coût global annuel :
C48: net à payer avant impôt | F48: =F42-F44+F46 -> 61369.742 | G48: =(F48/12)*'a remplir'!H7/5 -> 5114.1452 | H48: =F42+H44+F46 -> 114000 | I48: Net à payer sur le Bulletin
C49: net à payer avant impôt avec Ticket Restaurant (14,36€ l'unité) | F49: =IF('a remplir'!$E$10="oui",calcul!F48+('a remplir'!$H$5*'a remplir'!$H$12),0) -> 0 | G49: =(F49/12)*'a remplir'!H7/5 -> 0 | H49: =IF(F49=0,0,H48) -> 0 | I49: Salaire net perçu par le salarié avec la valeur des Tickets restaurants
A51: 1 | D51: Simulation avec réserve provisionnée et indemnités cp payés | G51: ='a remplir'!C1 -> Consultant Christian | O51: montant disponible | P51: taux charges patronales | Q51: taux charges salariales | R51: brut
F52: estimation annuelle (jours facturés) : | G52: estimation mensuelle (jours facturés) : | P52: avec mutuelle
F53: 228 | G53: ='a remplir'!H9 -> 10 | O53: ='a remplir'!C39 -> 5000 | P53: ='a remplir'!H39 -> 0.40944203 | Q53: ='a remplir'!K39 -> 0.25615799 | R53: ='a remplir'!E39 -> 3666.85
H54: charges patronales : | O54: ='a remplir'!C40 -> 5250 | P54: ='a remplir'!H40 -> 0.40725116 | Q54: ='a remplir'!K40 -> 0.25396094 | R54: ='a remplir'!E40 -> 3850.21
C55: Salaire de base | F55: =F37 -> 28488 | G55: =(F55/12)*'a remplir'!H7/5 -> 2374 | O55: ='a remplir'!C41 -> 5368.71 | P55: ='a remplir'!H41 -> 0.40842741 | Q55: ='a remplir'!K41 -> 0.25445731 | R55: ='a remplir'!E41 -> 3931.28
C56: Prime d'apport d'affaires | F56: =F38 -> 3107.6226 | G56: =(F56/12)*'a remplir'!H7/5 -> 258.96855 | O56: ='a remplir'!C42 -> 5604.6 | P56: ='a remplir'!H42 -> 0.44996998 | Q56: ='a remplir'!K42 -> 0.25445666 | R56: ='a remplir'!E42 -> 3931.29
C57: Réserve financière (10%) | F57: 0 | G57: =(F57/12)*'a remplir'!H7/5 -> 0 | O57: ='a remplir'!C43 -> 5750 | P57: ='a remplir'!H43 -> 0.46709019 | Q57: ='a remplir'!K43 -> 0.25322459 | R57: ='a remplir'!E43 -> 4033.98
C58: Complément de rémunération | F58: =F40 -> 33664.453 | G58: =(F58/12)*'a remplir'!H7/5 -> 2805.3711 | J58: brut | L58: =F60/12 -> 5982.1736 | O58: ='a remplir'!C44 -> 6000 | P58: ='a remplir'!H44 -> 0.46493179 | Q58: ='a remplir'!K44 -> 0.25123449 | R58: ='a remplir'!E44 -> 4210.58
C59: Indemnité congés payés | F59: =(F55+F56+F58)*0.1 -> 6526.0075 | G59: =(F59/12)*'a remplir'!H7/5 -> 543.83396 | O59: ='a remplir'!C45 -> 6250 | P59: ='a remplir'!H45 -> 0.46295049 | Q59: ='a remplir'!K45 -> 0.2494143 | R59: ='a remplir'!E45 -> 4387.17
D60: brut | F60: =SUM(F55:F59) -> 71786.083 | G60: =(F60/12)*'a remplir'!H7/5 -> 5982.1736 | J60: taux charges salariales | L60: =IF($L$58<=$R$53,Q53,IF($L$58<=$R$54,Q53,IF($L$58<=$R$55,Q54,IF($L$58<=$R$56,Q55,IF($L$58<=$R$57,Q56,IF($L$58<=$R$58,Q57,IF($L$58<=$R$59,Q58,IF($L$58<=$R$60,Q59,IF($L$58<=$R$61,Q60,IF($L$58<=$R$62,Q61,IF($L$58<=$R$63,Q62,IF($L$58<=$R$64,Q63,IF($L$58<=$R$65,Q64,IF($L$58<=$R$66,Q65,IF($L$58<=$R$67,Q66,IF($L$58<=$R$68,Q67,IF($L$58<=$R$69,Q68,IF($L$58<=$R$70,Q69,IF($L$58<=$R$71,Q70,IF($L$58<=$R$72,Q71,IF($L$58<=$R$73,Q72,IF($L$58<=$R$74,Q73,IF($L$58<=$R$75,Q74,IF($L$58<=$R$76,Q75,IF($L$58<=$R$77,Q76,IF($L$58<=$R$78,Q77,IF($L$58<=$R$79,Q78,IF($L$58<=$R$80,Q79,IF($L$58<=$R$81,Q80,IF($L$58<=$R$82,Q81,IF($L$58<=$R$83,Q82,IF($L$58<=$R$84,Q83,IF($L$58<=$R$85,Q84,IF($L$58<=$R$86,Q85,IF($L$58<=$R$87,Q86,IF($L$58<=$R$88,Q87,IF($L$58<=$R$89,Q88,IF($L$58<=$R$90,Q89,Q90)))))))))))))))))))))))))))))))))))))) -> 0.23825768 | O60: ='a remplir'!C46 -> 6500 | P60: ='a remplir'!H46 -> 0.46112791 | Q60: ='a remplir'!K46 -> 0.24773332 | R60: ='a remplir'!E46 -> 4563.75
J61: taux charges patronales | L61: =IF($L$58<=$R$53,P53,IF($L$58<=$R$54,P53,IF($L$58<=$R$55,P54,IF($L$58<=$R$56,P55,IF($L$58<=$R$57,P56,IF($L$58<=$R$58,P57,IF($L$58<=$R$59,P58,IF($L$58<=$R$60,P59,IF($L$58<=$R$61,P60,IF($L$58<=$R$62,P61,IF($L$58<=$R$63,P62,IF($L$58<=$R$64,P63,IF($L$58<=$R$65,P64,IF($L$58<=$R$66,P65,IF($L$58<=$R$67,P66,IF($L$58<=$R$68,P67,IF($L$58<=$R$69,P68,IF($L$58<=$R$70,P69,IF($L$58<=$R$71,P70,IF($L$58<=$R$72,P71,IF($L$58<=$R$73,P72,IF($L$58<=$R$74,P73,IF($L$58<=$R$75,P74,IF($L$58<=$R$76,P75,IF($L$58<=$R$77,P76,IF($L$58<=$R$78,P77,IF($L$58<=$R$79,P78,IF($L$58<=$R$80,P79,IF($L$58<=$R$81,P80,IF($L$58<=$R$82,P81,IF($L$58<=$R$83,P82,IF($L$58<=$R$84,P83,IF($L$58<=$R$85,P84,IF($L$58<=$R$86,P85,IF($L$58<=$R$87,P86,IF($L$58<=$R$88,P87, IF($L$58<=$R$89,P88, IF($L$58<=$R$90,P89,P90)))))))))))))))))))))))))))))))))))))) -> 0.46882011 | O61: ='a remplir'!C47 -> 6750 | P61: ='a remplir'!H47 -> 0.45942977 | Q61: ='a remplir'!K47 -> 0.24617602 | R61: ='a remplir'!E47 -> 4740.36
C62: charges salariales : | D62: taux : | E62: =+L60 -> 0.23825768 | F62: =F60*E62 -> 17103.586 | G62: =(F62/12)*'a remplir'!H7/5 -> 1425.2988 | H62: =F60*L61 -> 33654.759 | O62: ='a remplir'!C48 -> 7000 | P62: ='a remplir'!H48 -> 0.45786048 | Q62: ='a remplir'!K48 -> 0.24472801 | R62: ='a remplir'!E48 -> 4916.94
O63: ='a remplir'!C49 -> 7250 | P63: ='a remplir'!H49 -> 0.45639624 | Q63: ='a remplir'!K49 -> 0.24338337 | R63: ='a remplir'!E49 -> 5093.54
D64: frais : | F64: =F14 -> 4102.9632 | G64: =(F64/12)*'a remplir'!H7/5 -> 341.9136 | O64: ='a remplir'!C50 -> 7500 | P64: ='a remplir'!H50 -> 0.45503203 | Q64: ='a remplir'!K50 -> 0.24212695 | R64: ='a remplir'!E50 -> 5270.14
H65: coût global annuel : | O65: ='a remplir'!C51 -> 7750 | P65: ='a remplir'!H51 -> 0.45375528 | Q65: ='a remplir'!K51 -> 0.24095612 | R65: ='a remplir'!E51 -> 5446.73
C66: net à payer avant impôt | F66: =F60-F62+F64 -> 58785.461 | G66: =(F66/12)*'a remplir'!H7/5 -> 4898.7884 | H66: =F60+H62+F64 -> 109543.81 | I66: Net à payer sur le Bulletin | O66: ='a remplir'!C52 -> 8000 | P66: ='a remplir'!H52 -> 0.45255791 | Q66: ='a remplir'!K52 -> 0.23985662 | R66: ='a remplir'!E52 -> 5623.33
C67: net à payer avant impôt avec Ticket Resto 14,36€ l'unité | F67: =IF('a remplir'!E10="oui",calcul!F66+('a remplir'!H5*'a remplir'!$H$12),0) -> 0 | G67: =(F67/12)*'a remplir'!H7/5 -> 0 | H67: =IF(F67=0,0,H66) -> 0 | I67: Salaire net perçu par le salarié avec la valeur des Tickets restaurants | O67: ='a remplir'!C53 -> 8201.82 | P67: ='a remplir'!H53 -> 0.45164875 | Q67: ='a remplir'!K53 -> 0.2390152 | R67: ='a remplir'!E53 -> 5765.88
O68: ='a remplir'!C54 -> 8305.63 | P68: ='a remplir'!H54 -> 0.46186842 | Q68: ='a remplir'!K54 -> 0.23901652 | R68: ='a remplir'!E54 -> 5765.89
E69: montant mis en réserve | F69: =H48-H66 -> 4456.1945 | G69: =(F69/12)*'a remplir'!H7/5 -> 371.34954 | O69: ='a remplir'!C55 -> 8400 | P69: ='a remplir'!H55 -> 0.44039913 | Q69: ='a remplir'!K55 -> 0.23864406 | R69: ='a remplir'!E55 -> 5831.71
K70: =+G67-G59 -> -543.83396 | O70: ='a remplir'!C56 -> 8500 | P70: ='a remplir'!H56 -> 0.46882011 | Q70: ='a remplir'!K56 -> 0.23825768 | R70: ='a remplir'!E56 -> 5901.48
C71: Détail et contrôle: | O71: ='a remplir'!C57 -> 8750 | P71: ='a remplir'!H57 -> 0.46791596 | Q71: ='a remplir'!K57 -> 0.23732734 | R71: ='a remplir'!E57 -> 6075.84
O72: ='a remplir'!C58 -> 9000 | P72: ='a remplir'!H58 -> 0.46686311 | Q72: ='a remplir'!K58 -> 0.23645493 | R72: ='a remplir'!E58 -> 6250.21
C73: reserve | D73: =F39 -> 2848.8 | O73: ='a remplir'!C59 -> 9250 | P73: ='a remplir'!H59 -> 0.46596548 | Q73: ='a remplir'!K59 -> 0.2356252 | R73: ='a remplir'!E59 -> 6424.58
C74: ind cp réserve | D74: =D73*0.1 -> 284.88 | O74: ='a remplir'!C60 -> 9500 | P74: ='a remplir'!H60 -> 0.46511377 | Q74: ='a remplir'!K60 -> 0.23484084 | R74: ='a remplir'!E60 -> 6598.95
C75: brut | D75: =D73+D74 -> 3133.68 | O75: ='a remplir'!C61 -> 9750 | P75: ='a remplir'!H61 -> 0.46429874 | Q75: ='a remplir'!K61 -> 0.234094 | R75: ='a remplir'!E61 -> 6773.36
C76: charges patronales | D76: =D75*L61-(F60*(L61-I23)) -> 1328.6471 | O76: ='a remplir'!C62 -> 10000 | P76: ='a remplir'!H62 -> 0.46353017 | Q76: ='a remplir'!K62 -> 0.23345941 | R76: ='a remplir'!E62 -> 6947.73
C77: total | D77: =D75+D76-(F61*(L62-I24)) -> 4462.3271 | O77: ='a remplir'!C63 -> 10250 | P77: ='a remplir'!H63 -> 0.46285325 | Q77: ='a remplir'!K63 -> 0.23271862 | R77: ='a remplir'!E63 -> 7122.09
O78: ='a remplir'!C64 -> 10500 | P78: ='a remplir'!H64 -> 0.46210799 | Q78: ='a remplir'!K64 -> 0.23207596 | R78: ='a remplir'!E64 -> 7296.46
A79: simulation bulletin sans reserve sans congé | O79: ='a remplir'!C65 -> 10750 | P79: ='a remplir'!H65 -> 0.46144644 | Q79: ='a remplir'!K65 -> 0.231467 | R79: ='a remplir'!E65 -> 7470.84
F80: estimation annuelle (jours facturés) : | G80: estimation mensuelle (jours facturés) : | O80: ='a remplir'!C66 -> 11000 | P80: ='a remplir'!H66 -> 0.46080792 | Q80: ='a remplir'!K66 -> 0.23088422 | R80: ='a remplir'!E66 -> 7645.23
D81: =C2 -> 0 | F81: 228 | G81: ='a remplir'!H9 -> 10 | O81: ='a remplir'!C67 -> 11250 | P81: ='a remplir'!H67 -> 0.46020731 | Q81: ='a remplir'!K67 -> 0.23032575 | R81: ='a remplir'!E67 -> 7819.59
H82: charges pat | O82: ='a remplir'!C68 -> 11500 | P82: ='a remplir'!H68 -> 0.4596231 | Q82: ='a remplir'!K68 -> 0.22979675 | R82: ='a remplir'!E68 -> 7993.99
C83: salaire de base | F83: =F55 -> 28488 | G83: =(F83/12)*'a remplir'!H7/5 -> 2374 | O83: ='a remplir'!C69 -> 11750 | P83: ='a remplir'!H69 -> 0.459074 | Q83: ='a remplir'!K69 -> 0.2292844 | R83: ='a remplir'!E69 -> 8168.34
C84: Prime d'apport d'affaires | F84: =F56 -> 3107.6226 | G84: =(F84/12)*'a remplir'!H7/5 -> 258.96855 | O84: ='a remplir'!C70 -> 12000 | P84: ='a remplir'!H70 -> 0.4585426 | Q84: ='a remplir'!K70 -> 0.22879744 | R84: ='a remplir'!E70 -> 8342.72
C85: Réserve financière (10%) | F85: 0 | G85: =(F85/12)*'a remplir'!H7/5 -> 0 | J85: brut | L85: =F88/12 -> 5438.3396 | O85: ='a remplir'!C71 -> 12250 | P85: ='a remplir'!H71 -> 0.45803296 | Q85: ='a remplir'!K71 -> 0.22832806 | R85: ='a remplir'!E71 -> 8517.1
C86: complément de rémunération | F86: =F58 -> 33664.453 | G86: =(F86/12)*'a remplir'!H7/5 -> 2805.3711 | O86: ='a remplir'!C72 -> 12500 | P86: ='a remplir'!H72 -> 0.45754544 | Q86: ='a remplir'!K72 -> 0.22788009 | R86: ='a remplir'!E72 -> 8691.47
C87: ind cp | G87: =(F87/12)*'a remplir'!H7/5 -> 0 | J87: taux charges salariales | L87: =IF($L$85<=$R$53,Q53,IF($L$85<=$R$54,Q53,IF($L$85<=$R$55,Q54,IF($L$85<=$R$56,Q55,IF($L$85<=$R$57,Q56,IF($L$85<=$R$58,Q57,IF($L$85<=$R$59,Q58,IF($L$85<=$R$60,Q59,IF($L$85<=$R$61,Q60,IF($L$85<=$R$62,Q61,IF($L$85<=$R$63,Q62,IF($L$85<=$R$64,Q63,IF($L$85<=$R$65,Q64,IF($L$85<=$R$66,Q65,IF($L$85<=$R$67,Q66,IF($L$85<=$R$68,Q67,IF($L$85<=$R$69,Q68,IF($L$85<=$R$70,Q69,IF($L$85<=$R$71,Q70,IF($L$85<=$R$72,Q71,IF($L$85<=$R$73,Q72,IF($L$85<=$R$74,Q73,IF($L$85<=$R$75,Q74,IF($L$85<=$R$76,Q75,IF($L$85<=$R$77,Q76,IF($L$85<=$R$78,Q77,IF($L$85<=$R$79,Q78,IF($L$85<=$R$80,Q79,IF($L$85<=$R$81,Q80,IF($L$85<=$R$82,Q81,IF($L$85<=$R$83,Q82,IF($L$85<=$R$84,Q83,IF($L$85<=$R$85,Q84,IF($L$85<=$R$86,Q85,IF($L$85<=$R$87,Q86,IF($L$85<=$R$88,Q87,IF($L$85<=$R$89,Q88,IF($L$85<=$R$90,Q89,Q90)))))))))))))))))))))))))))))))))))))) -> 0.24212695 | O87: ='a remplir'!C73 -> 12750 | P87: ='a remplir'!H73 -> 0.45707824 | Q87: ='a remplir'!K73 -> 0.2274486 | R87: ='a remplir'!E73 -> 8865.84
D88: brut | F88: =SUM(F83:F87) -> 65260.075 | G88: =SUM(G83:G87) -> 5438.3396 | J88: taux charges patronales | L88: =IF($L$85<=$R$53,P53,IF($L$85<=$R$54,P53,IF($L$85<=$R$55,P54,IF($L$85<=$R$56,P55,IF($L$85<=$R$57,P56,IF($L$85<=$R$58,P57,IF($L$85<=$R$59,P58,IF($L$85<=$R$60,P59,IF($L$85<=$R$61,P60,IF($L$85<=$R$62,P61,IF($L$85<=$R$63,P62,IF($L$85<=$R$64,P63,IF($L$85<=$R$65,P64,IF($L$85<=$R$66,P65,IF($L$85<=$R$67,P66,IF($L$85<=$R$68,P67,IF($L$85<=$R$69,P68,IF($L$85<=$R$70,P69,IF($L$85<=$R$71,P70,IF($L$85<=$R$72,P71,IF($L$85<=$R$73,P72,IF($L$85<=$R$74,P73,IF($L$85<=$R$75,P74,IF($L$85<=$R$76,P75,IF($L$85<=$R$77,P76,IF($L$85<=$R$78,P77,IF($L$85<=$R$79,P78,IF($L$85<=$R$80,P79,IF($L$85<=$R$81,P80,IF($L$85<=$R$82,P81,IF($L$85<=$R$83,P82,IF($L$85<=$R$84,P83,IF($L$85<=$R$85,P84,IF($L$85<=$R$86,P85,IF($L$85<=$R$87,P86,IF($L$85<=$R$88,P87,IF($L$85<=$R$89,P88,IF($L$85<=$R$90,P89,P90)))))))))))))))))))))))))))))))))))))) -> 0.45503203 | O88: ='a remplir'!C74 -> 13000 | P88: ='a remplir'!H74 -> 0.45662523 | Q88: ='a remplir'!K74 -> 0.22703352 | R88: ='a remplir'!E74 -> 9040.22
O89: ='a remplir'!C75 -> 13250 | P89: ='a remplir'!H75 -> 0.45618995 | Q89: ='a remplir'!K75 -> 0.22663498 | R89: ='a remplir'!E75 -> 9214.61
C90: charges salariales | D90: taux | E90: =L87 -> 0.24212695 | F90: =F88*E90 -> 15801.223 | G90: =(F90/12)*'a remplir'!H7/5 -> 1316.7686 | H90: =F88*L88 -> 29695.425 | O90: ='a remplir'!C76 -> 13500 | P90: ='a remplir'!H76 -> 0.45577182 | Q90: ='a remplir'!K76 -> 0.22624853 | R90: ='a remplir'!E76 -> 9388.98
D92: frais | F92: =F14 -> 4102.9632 | G92: =(F92/12)*'a remplir'!H7/5 -> 341.9136
H93: coût global
D94: net à payer | F94: =F88-F90+F92 -> 53561.815 | G94: =(F94/12)*'a remplir'!H7/5 -> 4463.4846 | H94: =F88+H90+F92 -> 99058.463 | I94: Net à payer sur le Bulletin
D95: net à payer avec TR 14,36€ l'unité | F95: =IF('a remplir'!$E$10="oui",calcul!F94+('a remplir'!$H$5*'a remplir'!$H$12),0) -> 0 | G95: =(F95/12)*'a remplir'!H7/5 -> 0 | H95: =IF(F95=0,0,H94) -> 0 | I95: Salaire net perçu par le salarié avec la valeur des Tickets restaurants
C97: montant mis en réserve | D97: =D77 -> 4462.3271 | G97: =D97/12*'a remplir'!H7/5 -> 371.86059
C98: Montant cp chargé np | D98: =H66-H94 -> 10485.342 | G98: =D98/12*'a remplir'!H7/5 -> 873.77852
C100: Détail et contrôle:
C102: ind cp | D102: =F59 -> 6526.0075
C103: brut | D103: =D101+D102 -> 6526.0075
C104: charges patronales | D104: =(D103*L88)-((F60*(L88-L61))) -> 3959.3347
C105: total | D105: =D103+D104 -> 10485.342

Sheet Note
A2: dans l'onglet calcul, 3 simulations sont faites
B4: simulation bulletin avec reserve et cp payé mensuellement | H4: le salarié perçoit la reserve et les cp tous les mois
B6: simulation bulletin sans reserve et cp payé mensuellement | H6: la réserve n'est pas versée au salarié, (le montant de la réserve mis sur le compte activité est égal à la réserve + 10% au titre des cp + charges patronales
B8: simulation bulletin sans reserve sans congé | H8: la réserve et les cp ne sont pas versés tous les mois,
H9: le montant de la réserve mis sur le compte activité est égal à la réserve + 10% au titre des cp + charges patronales
H10: le montant des cp est égal à 10% du salaire (or réserve) + charges patronales, Ils seront versés au salarié à chaque prise de cp (sans anticipation) il s'agit des cp N-1
A11: temps incomplet
A12: Il est appliqué sur les salaires bruts supérieurs à 3,5 fois le smic (5388,03 pour un temps plein) une majoration de 1,8% de charges patronales
A13: Lorsque le salaire est au dessus de 5388,09 brut (ou 7876,57 montant disponible) ce taux est appliqué automatiquement.
A14: Par contre si le mois n'est pas complet et si le salaire passe en dessous des 5388,03 (ou 7779,56montant disponible) du fait de la proratsation de l'absence, il faut rajouter 1,8% au taux de charges patronales

Sheet IK
Q2: Barème voiture thermique
G4: Voiture THERMIQUE
F5: CV | G5: De 0 à 5 000 Kms | H5: De 5 001 à 20 000 Kms | I5: Plus de 20 000 Kms
F6: 3 | G6: =0.529*G67 -> 47.3984 | H6: (0,316 x km) + 1 065 | I6: 0,37 x km
F7: 4 | G7: =0.606*G67 -> 54.2976 | H7: (0,340 x km) + 1 330 | I7: 0,407 x km
F8: 5 | G8: =0.636*G67 -> 56.9856 | H8: (0,357 x km) + 1 395 | I8: 0,427 x km
F9: 6 | G9: =0.665*G67 -> 59.584 | H9: (0,374 x km) + 1 457 | I9: 0,447 x km
F10: 7 et plus | G10: =0.697*G67 -> 62.4512 | H10: (0,394 x km) + 1 515 | I10: 0,470 x km
Q22: Barème DEUX ROUES
G23: DEUX-ROUES
F24: CV | G24: De 0 à 3 000 Kms | H24: De 3 001 à 6 000 Kms | I24: Plus de 6 000 Kms
F25: 1 ou 2 | G25: =0.395*G67 -> 35.392 | H25: (0,099 x km) + 891 | I25: 0,248 x km
F26: 3,4 ou 5 | G26: =0.468*G67 -> 41.9328 | H26: (0,082 x km) + 1 158 | I26: 0,275 x km
F27: 5 et plus | G27: =0.606*G67 -> 54.2976 | H27: (0,079x km) + 1 583 | I27: 0,343 x km
H38: VOITURE ELECTRIQUE
F39: CV | G39: De 0 à 5 000 Kms | H39: De 5 001 à 20 000 Kms | I39: Plus de 20 000 Kms
F40: 3 | G40: =0.635*G67 -> 56.896 | H40: (0,380 x km) + 1 278 | I40: 0,444 x km
F41: 4 | G41: =0.727*G67 -> 65.1392 | H41: (0,408 x km) + 1 596 | I41: 0,488 x km
F42: 5 | G42: =0.763*G67 -> 68.3648 | H42: (0,428 x km) + 1 674 | I42: 0,512 x km
F43: 6 | G43: =0.798*G67 -> 71.5008 | H43: (0,449 x km) + 1 748 | I43: 0,536 x km
F44: 7 et plus | G44: =0.836*G67 -> 74.9056 | H44: (0,472 x km) + 1 818 | I44: 0,564 x km
D52: 1 | H52: Voiture électrique
D53: 2 | H53: Voiture Thermique
D54: 3 | H54: Deux-Roues
D55: 4
D56: 5
D57: 6
D58: 7 et plus
F65: Type de Véhicule | G65: =+'a remplir'!Q21 -> Voiture Thermique
F66: Puissance FISCALE | G66: =+'a remplir'!Q22 -> 5
F67: Distance par jour Aller-retour en KM | G67: =+'a remplir'!Q23 -> 89.6
F68: Nombre de déplacements par semaine | G68: =+'a remplir'!Q24 -> 3
F69: Distance Total Annuelle | G69: =+(G67*G68)*4*12 -> 12902.4
F71: Indemnités Kilométriques Journalière | G71: =IF(AND(G65="Voiture Thermique",G66=3),G6,"")&IF(AND(G65="Voiture Thermique",G66=4),G7,"")&IF(AND(G65="Voiture Thermique",G66=5),G8,"")&IF(AND(G65="Voiture Thermique",G66=6),G9,"")&IF(AND(G65="Voiture Thermique",G66="7 et plus"),G9,"")&IF(AND(G65="Voiture électrique",G66=3),G40,"")&IF(AND(G65="Voiture électrique",G66=4),G41,"")&IF(AND(G65="Voiture électrique",G66=5),G42,"")&IF(AND(G65="Voiture électrique",G66=6),G43,"")&IF(AND(G65="Voiture électrique",G66="7 et plus"),G44,"")&IF(AND(G65="Deux-Roues",G66=1),G25,"")&IF(AND(G65="Deux-Roues",G66=2),G25,"")&IF(AND(G65="Deux-Roues",G66=3),G26,"")&IF(AND(G65="Deux-Roues",G66=4),G26,"")&IF(AND(G65="Deux-Roues",G66=5),G26,"")&IF(AND(G65="Deux-Roues",G66=6),G27,"") -> 56,9856
F72: IK Finale | G72: =+IF('a remplir'!Q21<>0,(G71*(G68/5)),0) -> 34.19136

Sheet NE PAS TOUCHER
